City,Lat,Lng,Max Temp,Humidity,Cloudiness,Wind Speed,Country,Date
Ushuaia,-54.8,-68.3,9.0,53,40,8.23,AR,1615102861
‘Āhuimanu,21.4447,-157.8378,23.0,68,40,6.17,US,1615103229
Albany,42.6001,-73.9662,-5.56,79,67,0.45,US,1615102942
Tuktoyaktuk,69.4541,-133.0374,-25.95,90,100,6.14,CA,1615102945
Punta Arenas,-53.15,-70.9167,7.0,65,75,3.6,CL,1615102946
Bredasdorp,-34.5322,20.0403,18.0,94,100,2.06,ZA,1615102957
Bengkulu,-3.8004,102.2655,25.86,73,100,0.1,ID,1615103067
Hithadhoo,-0.6,73.0833,29.02,70,25,3.94,MV,1615102947
Castro,-24.7911,-50.0119,15.56,98,60,1.62,BR,1615102943
Duku,11.2361,4.9073,30.39,13,24,2.88,NG,1615103230
Aksu,41.1231,80.2644,12.2,37,100,1.4,CN,1615103230
Tcholliré,8.4022,14.1698,33.41,11,14,0.95,CM,1615103231
Kieta,-6.2167,155.6333,26.61,77,100,0.26,PG,1615103061
Atar,20.5169,-13.0499,15.35,49,0,7.27,MR,1615103104
Weihai,37.5017,122.1136,2.4,72,0,3.42,CN,1615103231
Bluff,-46.6,168.3333,9.44,81,97,6.26,NZ,1615102943
Saint-Philippe,-21.3585,55.7679,30.0,70,100,13.89,RE,1615103057
Saskylakh,71.9167,114.0833,-29.05,86,96,2.95,RU,1615102950
Butaritari,3.0707,172.7902,27.16,79,21,5.93,KI,1615102942
Kirensk,57.7853,108.1119,-1.2,96,100,6.06,RU,1615103232
Hobart,-42.8794,147.3294,17.0,63,75,6.69,AU,1615102782
Ulaanbaatar,47.9077,106.8832,4.0,28,0,2.0,MN,1615103233
Dzerzhinskoye,56.8344,95.2283,-0.64,93,90,6.55,RU,1615103233
Nishihara,26.1842,127.7558,21.0,78,90,4.12,JP,1615103234
Panambi,-28.2925,-53.5017,14.22,93,0,2.76,BR,1615103234
Yellowknife,62.456,-114.3525,-13.89,92,40,3.6,CA,1615102785
Korla,41.7597,86.1469,11.47,41,100,1.32,CN,1615103040
Mount Vernon,40.9126,-73.8371,-1.0,43,75,6.69,US,1615103150
Karpinsk,59.7654,60.0085,-11.82,89,30,1.75,RU,1615103235
Ilulissat,69.2167,-51.1,-6.0,79,90,6.17,GL,1615103073
Lorengau,-2.0226,147.2712,27.97,74,100,2.06,PG,1615103043
Katsuura,35.1333,140.3,9.44,53,72,1.34,JP,1615102943
Saint Anthony,45.0205,-93.218,2.22,60,1,3.6,US,1615103148
Tasiilaq,65.6145,-37.6368,0.0,86,90,13.38,GL,1615102953
Dunmore East,52.1514,-6.9861,1.11,88,0,1.39,IE,1615103236
Knysna,-34.0363,23.0471,23.0,56,20,3.6,ZA,1615103236
Rikitea,-23.1203,-134.9692,26.49,81,100,6.22,PF,1615102946
Jamestown,42.097,-79.2353,-10.56,94,1,1.22,US,1615102947
Pangnirtung,66.1451,-65.7125,-18.5,84,100,0.96,CA,1615102953
Busselton,-33.65,115.3333,26.67,58,47,0.89,AU,1615102945
Margate,51.3813,1.3862,3.89,63,100,2.24,GB,1615103092
Hasaki,35.7333,140.8333,7.78,61,75,4.12,JP,1615103063
Vostok,46.4856,135.8833,-10.89,95,100,1.81,RU,1615103076
Qaanaaq,77.484,-69.3632,-26.77,66,0,2.26,GL,1615102951
Sakakah,29.9697,40.2064,19.0,22,0,3.6,SA,1615103237
Vila Velha,-20.3297,-40.2925,23.0,94,40,3.09,BR,1615102802
Severo-Kuril'sk,50.6789,156.125,-9.58,89,100,12.69,RU,1615103040
Faya,18.3851,42.4509,21.0,17,0,3.6,SA,1615103238
Kapaa,22.0752,-159.319,22.0,78,90,9.77,US,1615103040
Nsanje,-16.92,35.262,28.68,63,32,2.08,MW,1615103238
Pevek,69.7008,170.3133,-31.52,81,92,4.79,RU,1615102964
Makkah al Mukarramah,21.4267,39.8261,29.57,36,0,4.17,SA,1615103068
Manali,13.1667,80.2667,33.0,49,20,2.06,IN,1615103239
Lebu,-37.6167,-73.65,14.62,94,51,1.71,CL,1615102818
Thompson,55.7435,-97.8558,3.0,70,75,3.6,CA,1615103086
Upata,8.0086,-62.3989,23.33,92,42,0.45,VE,1615103081
Codajás,-3.8367,-62.0569,22.34,93,100,0.77,BR,1615103158
Kārsava,56.7841,27.6883,-2.93,97,100,6.48,LV,1615103240
Carnarvon,-24.8667,113.6333,29.0,84,0,7.72,AU,1615103061
Khovu-Aksy,51.1333,93.6,-4.45,92,99,1.04,RU,1615103240
Tura,25.5198,90.2201,29.67,25,3,3.26,IN,1615103240
Rocha,-34.4833,-54.3333,15.7,88,9,0.45,UY,1615103121
Tautira,-17.7333,-149.15,27.0,78,40,2.57,PF,1615103241
Vysokogornyy,50.1167,139.15,-16.42,90,100,3.16,RU,1615103241
Mehamn,71.0357,27.8492,-2.77,93,47,8.71,NO,1615103045
Vestmannaeyjar,63.4427,-20.2734,4.18,73,0,3.76,IS,1615103241
Petropavlovsk-Kamchatskiy,53.0452,158.6483,-12.0,34,0,7.0,RU,1615103158
Deer Lake,49.1667,-57.4316,-6.0,68,40,3.6,CA,1615103242
Mataura,-46.1927,168.8643,9.44,81,98,6.26,NZ,1615102944
Kaitangata,-46.2817,169.8464,10.0,71,98,5.81,NZ,1615103065
Khromtau,50.2503,58.4347,0.09,100,100,11.67,KZ,1615103242
Bacolod City,10.6667,122.95,28.62,64,96,7.19,PH,1615103243
Independência,-5.3964,-40.3086,21.48,91,64,2.51,BR,1615103243
Saint George,37.1041,-113.5841,12.78,20,1,4.12,US,1615102943
Sudogda,55.9539,40.8629,-6.22,96,100,7.19,RU,1615103243
Huarmey,-10.0681,-78.1522,22.99,73,100,3.18,PE,1615103071
Zemio,5.0314,25.1361,33.72,21,67,1.94,CF,1615103244
Paamiut,61.994,-49.6678,-0.25,99,100,2.04,GL,1615103100
Half Moon Bay,37.4636,-122.4286,10.0,81,20,5.14,US,1615103244
Salinópolis,-0.6136,-47.3561,25.36,89,100,3.96,BR,1615103245
Berlevåg,70.8578,29.0864,-3.29,94,100,7.1,NO,1615103083
Cape Town,-33.9258,18.4232,21.11,77,75,0.51,ZA,1615102808
Hamilton,39.1834,-84.5333,0.0,80,75,1.27,US,1615103049
Lar,26.2039,83.9717,33.62,12,0,0.04,IN,1615103246
Tricase,39.9304,18.3553,12.78,81,0,4.63,IT,1615103246
Manjeshwar,12.7194,74.8861,33.0,52,20,4.12,IN,1615103246
Fort Nelson,58.8053,-122.7002,-8.0,86,20,1.03,CA,1615103134
Tuatapere,-46.1333,167.6833,9.44,81,96,6.26,NZ,1615103092
Saldanha,-33.0117,17.9442,21.0,68,11,0.51,ZA,1615103094
Avarua,-21.2078,-159.775,26.0,94,75,1.54,CK,1615102956
Ugoofaaru,5.6667,73.0,28.26,65,0,4.89,MV,1615103247
Hermanus,-34.4187,19.2345,18.89,89,100,0.45,ZA,1615102959
Forsytheganj,52.6333,29.7333,0.06,94,100,9.96,BY,1615103247
Chokurdakh,70.6333,147.9167,-27.39,88,96,4.39,RU,1615102949
Alofi,-19.0595,-169.9187,26.0,94,100,1.54,NU,1615103137
New Norfolk,-42.7826,147.0587,17.0,63,75,6.69,AU,1615102960
Baião,-2.7906,-49.6717,22.49,97,100,0.47,BR,1615103248
Whitehorse,60.7161,-135.0538,-4.0,63,90,3.09,CA,1615103114
Shīeli,44.1667,66.75,8.47,53,20,0.97,KZ,1615103248
Cidreira,-30.1811,-50.2056,18.6,86,2,2.47,BR,1615102956
George Town,5.4112,100.3354,31.0,70,40,4.12,MY,1615102945
Clyde River,70.4692,-68.5914,-31.0,69,1,0.45,CA,1615102803
Presidencia Roque Sáenz Peña,-26.7852,-60.4388,20.0,66,0,0.89,AR,1615103249
Campos dos Goytacazes,-21.75,-41.3,21.82,97,66,2.16,BR,1615103249
Pāchora,20.6667,75.35,36.46,11,0,2.56,IN,1615103250
Kabare,-2.4683,28.8242,21.78,77,100,1.25,CD,1615103250
Coquimbo,-29.9533,-71.3436,16.0,88,0,3.09,CL,1615102996
Copiapó,-27.3667,-70.3333,17.0,88,90,1.54,CL,1615102768
Torrington,41.8007,-73.1212,-5.56,66,16,1.79,US,1615103250
Havøysund,70.9963,24.6622,-2.0,74,90,8.23,NO,1615103250
Leningradskiy,69.3833,178.4167,-30.01,75,0,1.54,RU,1615103126
Airai,-8.9266,125.4092,19.77,100,77,0.87,TL,1615102948
Saint Paul Harbor,57.79,-152.4072,-1.0,40,1,6.69,US,1615103050
Arvika,59.6553,12.5852,-1.0,40,35,7.2,SE,1615103251
Qūchān,37.106,58.5095,9.44,47,0,4.58,IR,1615103251
Nhulunbuy,-12.2333,136.7667,31.0,70,26,3.6,AU,1615103252
Chara,56.9064,118.2631,-7.62,88,67,1.69,RU,1615103252
Esperance,-33.8667,121.9,22.0,73,90,5.66,AU,1615103153
Hilo,19.7297,-155.09,21.0,83,90,4.63,US,1615102954
Lagoa,39.05,-27.9833,15.53,94,100,6.16,PT,1615103138
Dikson,73.5069,80.5464,-27.76,87,100,6.5,RU,1615102952
Kuliyapitiya,7.4688,80.0401,30.0,74,40,3.6,LK,1615103253
Nkowakowa,-23.8878,30.2871,23.0,35,0,3.6,ZA,1615103253
Lichinga,-13.3128,35.2406,19.0,94,75,6.69,MZ,1615103254
Bathsheba,13.2167,-59.5167,25.0,73,40,9.26,BB,1615103254
Puerto Ayora,-0.7393,-90.3518,24.44,98,51,2.69,EC,1615102959
Omsukchan,62.5333,155.8,-27.76,83,100,3.89,RU,1615103170
San Patricio,28.017,-97.5169,10.0,81,1,2.06,US,1615102964
Harper,4.375,-7.7169,26.75,84,98,2.7,LR,1615103048
Clearwater,27.9659,-82.8001,14.0,82,40,5.14,US,1615103255
Nacala,-14.5428,40.6728,28.0,83,75,3.6,MZ,1615103256
Iqaluit,63.7506,-68.5145,-23.0,70,75,11.32,CA,1615102942
Yumen,40.2833,97.2,12.04,29,0,1.36,CN,1615102943
São Geraldo do Araguaia,-6.4006,-48.555,22.28,93,100,0.49,BR,1615103256
Chaplynka,46.3651,33.5403,2.89,69,0,5.82,UA,1615103256
Teruel,40.6667,-0.6667,9.0,100,100,0.51,ES,1615103257
Vardø,70.3705,31.1107,-3.23,93,100,7.47,NO,1615102968
Maniitsoq,65.4167,-52.9,-2.61,92,100,4.18,GL,1615102954
Danané,7.2596,-8.155,22.83,92,100,0.7,CI,1615103257
Bantry,51.6833,-9.45,1.0,80,75,1.54,IE,1615103257
Port Blair,11.6667,92.75,31.0,66,20,3.6,IN,1615102967
Turukhansk,65.8167,87.9833,-8.05,96,100,0.84,RU,1615103258
Mount Gambier,-37.8333,140.7667,19.0,55,90,3.6,AU,1615102963
Ode,7.7899,5.7117,25.94,74,87,3.3,NG,1615103258
General Roca,-39.0333,-67.5833,22.0,43,0,5.66,AR,1615103258
Port Elizabeth,-33.918,25.5701,22.0,68,20,8.75,ZA,1615102941
Tezu,27.9167,96.1667,28.83,23,42,2.05,IN,1615103259
Carroll,39.5501,-77.0164,-3.0,68,1,1.54,US,1615103259
Atuona,-9.8,-139.0333,26.49,72,15,5.46,PF,1615102951
Port Alfred,-33.5906,26.891,23.33,73,91,2.68,ZA,1615102946
Kahului,20.8947,-156.47,23.0,68,40,6.69,US,1615102956
Turek,52.0155,18.5005,2.22,77,100,1.79,PL,1615103260
Mweka,-4.85,21.5667,22.09,97,100,2.57,CD,1615103260
Srednekolymsk,67.45,153.6833,-24.38,89,100,5.74,RU,1615103099
Kitimat,54.0524,-128.6534,-1.11,96,99,1.48,CA,1615103261
Bathurst,-33.4166,149.5806,20.56,50,100,0.45,AU,1615103261
Monrovia,6.3005,-10.7969,23.0,88,40,2.06,LR,1615103261
Salamiyah,35.0113,37.0532,14.2,36,31,1.62,SY,1615103262
Banda Aceh,5.5577,95.3222,28.95,70,100,3.34,ID,1615103262
Arraial do Cabo,-22.9661,-42.0278,22.38,89,100,2.2,BR,1615103062
Straumen,63.8709,11.2999,-3.89,93,40,1.54,NO,1615103263
Vaini,-21.2,-175.2,27.0,94,75,3.6,TO,1615102955
Nanortalik,60.1432,-45.2371,0.11,98,100,6.48,GL,1615103066
Ixtapa,20.7,-105.2,20.56,87,48,0.45,MX,1615103264
Rodna,47.4167,24.8167,-2.22,67,13,0.89,RO,1615103264
Tacuarembó,-31.7333,-55.9833,14.49,95,0,1.12,UY,1615103264
Souillac,-20.5167,57.5167,27.0,89,75,8.23,MU,1615102949
Katima Mulilo,-17.5,24.2667,24.75,58,0,2.47,NA,1615103264
Lima,-12.0432,-77.0282,22.22,88,0,3.6,PE,1615103220
Bambous Virieux,-20.3428,57.7575,28.33,89,75,8.23,MU,1615102957
Beberibe,-4.1797,-38.1306,26.11,89,40,2.06,BR,1615103265
Nikolskoye,59.7035,30.7861,-5.56,73,75,9.0,RU,1615102966
Point Fortin,10.1833,-61.6833,23.89,93,44,0.45,TT,1615103265
Mar del Plata,-38.0023,-57.5575,16.11,94,0,2.06,AR,1615102891
Muzhi,65.3667,64.6667,-18.78,91,100,2.73,RU,1615103266
Te Anau,-45.4167,167.7167,8.32,68,69,1.48,NZ,1615103087
Tūkrah,32.5341,20.5791,18.64,58,52,5.42,LY,1615103266
Torbay,47.6666,-52.7314,-2.22,74,75,6.17,CA,1615103152
Mossamedes,-15.1961,12.1522,25.0,73,40,3.6,AO,1615103059
Pisco,-13.7,-76.2167,22.0,83,0,4.12,PE,1615103107
Grand Gaube,-20.0064,57.6608,28.33,80,95,4.92,MU,1615103127
Chui,-33.6971,-53.4616,16.62,86,12,1.02,UY,1615102959
Launceston,-41.45,147.1667,17.78,55,100,6.17,AU,1615103267
Buraidah,26.326,43.975,19.0,39,0,4.12,SA,1615103267
Port Macquarie,-31.4333,152.9167,23.33,71,20,0.45,AU,1615103234
Pisz,53.6274,21.8125,1.0,80,75,6.69,PL,1615103268
Bongandanga,1.5,21.05,29.07,55,58,1.78,CD,1615103268
Mpika,-11.8343,31.4529,18.93,90,100,3.86,ZM,1615103268
Muisne,0.6,-80.0333,25.08,87,91,1.94,EC,1615103152
Tabas,33.5959,56.9244,18.0,27,0,2.06,IR,1615103245
Khatanga,71.9667,102.5,-25.75,88,57,5.36,RU,1615103047
Meulaboh,4.1363,96.1285,27.21,79,100,3.31,ID,1615103269
Novikovo,51.1537,37.8879,-2.36,86,97,8.47,RU,1615103269
Port Hardy,50.6996,-127.4199,8.0,70,75,7.2,CA,1615103269
Melfi,40.9965,15.6514,5.56,86,90,2.06,IT,1615103270
Ponta do Sol,32.6667,-17.1,13.33,62,31,1.34,PT,1615103047
Pacific Grove,36.6177,-121.9166,10.0,71,1,2.06,US,1615103086
Kumul,42.8,93.45,11.77,38,0,1.43,CN,1615103270
Salalah,17.0151,54.0924,34.0,21,0,6.69,OM,1615103066
Suba,10.8438,121.0102,27.48,74,96,10.71,PH,1615103271
Yueyang,29.3333,113.0919,11.83,66,93,3.53,CN,1615103271
Bitung,1.4451,125.1824,30.0,70,40,3.6,ID,1615103271
Gusinoye Ozero,51.1144,106.2614,-3.98,93,65,0.9,RU,1615103271
Laas,46.6166,10.7002,2.78,86,0,1.54,IT,1615103167
Esso,55.9333,158.7,-30.65,78,33,3.83,RU,1615103074
Umluj,25.0213,37.2685,27.76,31,0,2.88,SA,1615103272
Batagay-Alyta,67.8006,130.4114,-28.68,77,34,0.77,RU,1615103137
Basco,20.4487,121.9702,25.71,73,8,4.16,PH,1615103273
Codrington,-38.2667,141.9667,16.69,79,98,5.06,AU,1615103055
Asău,46.4333,26.4,3.89,29,0,2.92,RO,1615103088
Tak Bai,6.2595,102.0546,32.0,62,40,6.17,TH,1615103273
Sayyan,15.1718,44.3244,16.11,31,0,6.01,YE,1615103274
Yeppoon,-23.1333,150.7333,27.0,65,75,4.63,AU,1615103096
Lüderitz,-26.6481,15.1594,23.29,45,0,7.54,NA,1615103119
Upernavik,72.7868,-56.1549,-25.32,87,100,5.73,GL,1615103109
Mayo,38.8876,-76.5119,0.56,69,1,3.3,US,1615103132
Diego de Almagro,-26.3667,-70.05,12.88,77,0,0.1,CL,1615103275
Dhārchula,29.85,80.5333,22.59,26,55,2.32,IN,1615103275
Laguna,38.421,-121.4238,8.33,81,1,1.54,US,1615102771
Vao,-22.6667,167.4833,24.77,69,61,5.22,NC,1615103143
Rach Gia,10.0167,105.0833,32.0,58,40,4.63,VN,1615103275
Yuci,37.6803,112.7319,11.0,46,0,1.0,CN,1615103275
Kysyl-Syr,63.8986,122.7617,-16.18,93,100,2.76,RU,1615103147
Matagami,49.7502,-77.6328,-19.0,84,90,5.14,CA,1615103276
Ushtobe,45.2514,77.9838,5.88,60,100,0.5,KZ,1615103276
Lexington-Fayette,38.0498,-84.4585,-2.22,68,1,2.06,US,1615103007
Comodoro Rivadavia,-45.8667,-67.5,17.0,59,0,2.06,AR,1615103070
Arlit,18.7369,7.3853,29.13,12,100,3.48,NE,1615103277
Chicama,-7.8447,-79.1469,23.09,71,38,2.22,PE,1615103277
Vanimo,-2.6741,141.3028,27.68,74,100,4.76,PG,1615103073
Gobabis,-22.45,18.9667,25.67,36,0,3.37,NA,1615103278
Barrow,71.2906,-156.7887,-24.0,70,1,5.14,US,1615102963
Faanui,-16.4833,-151.75,28.45,67,58,4.85,PF,1615102941
Kavieng,-2.5744,150.7967,27.09,80,100,3.34,PG,1615103118
Kopavogur,64.1123,-21.913,3.0,93,20,2.06,IS,1615103278
Sisimiut,66.9395,-53.6735,-9.06,93,99,6.22,GL,1615103278
Vanavara,60.34,102.2797,-3.35,95,100,6.29,RU,1615103279
Bilibino,68.0546,166.4372,-29.31,84,100,3.38,RU,1615103106
Lucapa,-8.4192,20.7447,22.15,89,77,1.5,AO,1615103280
Hamamatsu,34.7,137.7333,11.67,69,95,0.89,JP,1615103046
Zabid,14.1951,43.3152,30.97,42,0,3.36,YE,1615103280
Dingle,10.9995,122.6711,28.52,66,78,6.5,PH,1615103119
Dicabisagan,17.0818,122.4157,27.09,62,16,2.6,PH,1615103280
Bethel,41.3712,-73.414,-5.0,67,0,1.07,US,1615102945
Alihe,50.5667,123.7167,-4.8,87,96,2.09,CN,1615103281
Iskateley,67.6803,53.1512,-22.72,90,91,1.72,RU,1615103281
Aldama,22.9167,-98.0667,16.67,87,19,1.79,MX,1615103281
Umm Kaddadah,13.6017,26.6876,26.73,14,0,9.09,SD,1615103281
Bairiki Village,1.3292,172.9752,27.0,83,40,2.57,KI,1615103282
Labuhan,-6.8844,112.2051,28.43,75,100,5.8,ID,1615102964
Nome,64.5011,-165.4064,-6.0,79,90,2.32,US,1615103093
Hofn,64.2539,-15.2082,3.76,73,50,2.47,IS,1615103154
Nieuw Amsterdam,5.8833,-55.0833,25.56,93,100,1.79,SR,1615103282
Avera,33.194,-82.5271,1.0,93,1,2.25,US,1615102949
Ulkan,57.243,107.3223,-0.89,96,100,5.89,RU,1615103283
Port Lincoln,-34.7333,135.8667,18.79,71,40,7.86,AU,1615102950
Geraldton,-28.7667,114.6,31.0,45,0,8.75,AU,1615103047
Caravelas,-17.7125,-39.2481,24.08,86,61,3.77,BR,1615103053
Coyhaique,-45.5752,-72.0662,8.45,82,30,4.03,CL,1615103284
Ahipara,-35.1667,173.1667,17.81,68,5,6.4,NZ,1615103284
Vanino,49.0869,140.2543,-10.52,89,99,2.23,RU,1615103284
Khovd,48.0056,91.6419,2.49,46,4,2.12,MN,1615103166
Narsaq,60.9167,-46.05,6.0,33,75,2.57,GL,1615103050
Železná Ruda,49.1374,13.2352,2.78,100,2,2.68,CZ,1615103284
Flinders,-34.5833,150.8552,22.78,71,79,3.58,AU,1615102958
Adzopé,6.1069,-3.8619,25.37,88,100,1.78,CI,1615103285
Santa Rosa,14.3122,121.1114,33.0,49,20,5.14,PH,1615103285
Troitskoye,52.9821,84.6757,-1.95,96,100,4.22,RU,1615103285
Dudinka,69.4058,86.1778,-23.24,90,98,2.33,RU,1615103286
Ancud,-41.8697,-73.8203,13.89,100,90,3.09,CL,1615102968
Kérouané,9.2667,-9.0167,24.69,73,18,1.03,GN,1615103286
Longyearbyen,78.2186,15.6401,-18.0,65,40,7.72,SJ,1615102840
Ambo,-10.1308,-76.2047,14.28,66,97,0.42,PE,1615103286
Hong Kong,22.2855,114.1577,20.56,89,99,3.96,HK,1615102866
Ribeira Grande,38.5167,-28.7,16.0,94,40,7.2,PT,1615103043
Calabozo,8.9242,-67.4293,25.59,70,82,4.22,VE,1615103287
Alappuzha,9.49,76.3264,29.75,63,0,5.49,IN,1615103287
Dunmore Town,25.5,-76.65,20.01,77,100,7.75,BS,1615103287
Duncan,34.5023,-97.9578,7.78,60,1,1.54,US,1615103287
Ligayan,4.6533,119.4706,27.65,78,100,7.84,PH,1615103288
Zhigansk,66.7697,123.3711,-24.01,89,100,6.23,RU,1615103288
Gouré,13.9835,10.2704,27.22,6,0,4.02,NE,1615103288
Benavente,42.0025,-5.6783,5.0,100,20,0.51,ES,1615103289
Henties Bay,-22.116,14.2845,22.38,59,31,2.01,NA,1615103125
Mitú,1.1983,-70.1733,21.66,98,100,0.47,CO,1615103289
Samarai,-10.6167,150.6667,26.88,78,97,3.4,PG,1615103289
Mahébourg,-20.4081,57.7,27.0,89,75,8.23,MU,1615103051
Marsá Maţrūḩ,31.3525,27.2453,15.0,77,0,5.14,EG,1615103033
Chatham,51.3789,0.5279,3.33,83,12,1.34,GB,1615103290
Barranca,-10.75,-77.7667,21.65,80,100,2.41,PE,1615103291
Saint-Augustin,51.226,-58.6502,-8.22,96,100,1.41,CA,1615103163
Ceatalchioi,45.2886,28.7937,1.11,64,0,4.93,RO,1615103291
Cherskiy,68.75,161.3,-26.0,89,98,3.57,RU,1615102969
Orange Cove,36.6244,-119.3137,10.0,76,75,2.57,US,1615103291
Novy Urengoy,66.0833,76.6333,-20.09,91,76,1.98,RU,1615103073
Touros,-5.1989,-35.4608,23.0,100,40,2.06,BR,1615102698
Orlik,52.5178,99.825,-0.94,83,100,1.19,RU,1615103292
Aklavik,68.2191,-135.0107,-26.0,76,100,5.14,CA,1615103110
Kirakira,-10.4544,161.9205,27.22,78,92,1.51,SB,1615103053
Krasnosel'kup,65.7,82.4667,-14.81,94,97,4.86,RU,1615103292
Ekhabi,53.5102,142.9671,-20.22,87,0,3.75,RU,1615103117
Kutum,14.2,24.6667,23.97,16,40,6.04,SD,1615103156
Palmer,42.1584,-72.3287,-5.56,49,90,2.06,US,1615103293
Mandera,3.9366,41.867,33.07,25,0,6.36,KE,1615103293
Smirnykh,49.75,142.8333,-13.32,88,0,2.43,RU,1615103294
Cabo San Lucas,22.8909,-109.9124,16.11,58,1,3.97,MX,1615102905
Beni Suef,29.0731,31.0979,20.74,28,0,6.86,EG,1615103294
Nantucket,41.2835,-70.0995,-4.44,88,90,6.85,US,1615103139
Norman Wells,65.282,-126.8329,-17.0,85,40,5.66,CA,1615103053
Luoyang,34.6836,112.4536,12.78,99,60,2.86,CN,1615103043
Ayr,55.4627,-4.6339,0.0,93,0,3.09,GB,1615103295
Pochutla,15.7432,-96.4661,22.78,80,0,1.11,MX,1615103171
Westport,41.1415,-73.3579,-2.0,46,90,5.14,US,1615103293
Bontang,0.1333,117.5,28.33,77,45,3.75,ID,1615103168
Anderson,34.5334,-82.6499,2.22,86,1,2.97,US,1615103296
Rolla,37.9514,-91.7713,5.0,56,1,3.6,US,1615103296
Mollendo,-17.0231,-72.0147,21.73,82,100,3.4,PE,1615103296
Kiama,-34.6833,150.8667,22.78,71,67,3.58,AU,1615103150
Afuá,-0.1567,-50.3867,23.64,94,100,2.33,BR,1615103297
Poum,-20.2333,164.0167,26.21,71,53,7.27,NC,1615103044
Anadyr,64.75,177.4833,-26.67,76,75,2.0,RU,1615103297
Liseleje,56.0053,11.9483,4.44,89,90,8.49,DK,1615103297
Tadine,-21.55,167.8833,23.83,76,0,5.24,NC,1615103298
Nārsingi,18.0333,78.4333,34.44,20,0,1.54,IN,1615103298
Ubari,26.5921,12.7805,22.09,19,0,5.2,LY,1615103298
Biak,-0.9131,122.8766,28.03,70,30,1.95,ID,1615103298
Langsa,4.4683,97.9683,31.26,56,98,3.38,ID,1615103299
Mennzel Bou Zelfa,36.6831,10.5843,15.0,88,20,1.03,TN,1615103299
Olinda,-8.0089,-34.8553,25.0,78,40,2.53,BR,1615103299
Hella,67.2,14.4333,0.0,80,40,3.09,NO,1615103299
Zhuangyuan,37.2975,120.8256,12.22,27,0,2.93,CN,1615103300
Saddiqabad,28.3062,70.1307,33.66,12,0,2.96,PK,1615103300
Lompoc,34.6391,-120.4579,10.0,81,1,2.06,US,1615102966
Marabu,4.4148,114.0089,31.0,74,40,5.14,MY,1615103301
Bauchi,10.5,10.0,28.0,14,42,2.59,NG,1615103301
Naryan-Mar,67.6713,53.087,-22.66,90,90,1.81,RU,1615103301
High Level,58.5169,-117.136,-2.0,80,75,2.57,CA,1615103302
Sain Alto,23.5833,-103.25,8.39,52,0,0.08,MX,1615103302
Quatre Cocos,-20.2078,57.7625,28.33,89,75,8.23,MU,1615103162
Alghero,40.5589,8.3181,11.0,93,20,1.54,IT,1615103302
Navan,53.6528,-6.6814,1.0,75,20,2.57,IE,1615103209
Puerto Nariño,-3.7703,-70.3831,25.0,100,40,1.21,CO,1615103303
Atagay,55.1033,99.3875,1.45,89,100,2.58,RU,1615103303
Raahe,64.6833,24.4833,-5.56,79,75,6.69,FI,1615103303
Ambon City,-3.6954,128.1814,32.0,66,40,2.06,ID,1615103057
San Policarpo,12.1791,125.5072,27.28,76,0,5.75,PH,1615103303
Pemangkat,1.1667,108.9667,28.2,79,99,3.89,ID,1615103165
San Cristobal,7.7669,-72.225,19.1,85,93,0.65,VE,1615103304
Rosarno,38.4841,15.979,15.0,71,20,3.6,IT,1615103304
Yar-Sale,66.8333,70.8333,-24.06,89,72,2.85,RU,1615103049
Raton,36.9034,-104.4391,-1.0,59,1,2.54,US,1615103305
La Santisima Trinidad,-14.8333,-64.9,21.69,96,46,0.73,BO,1615103305
Sioux Lookout,50.1001,-91.917,-5.0,36,1,4.12,CA,1615103305
Kiryat Gat,31.61,34.7642,17.22,100,0,1.79,IL,1615103305
Virginia Beach,36.8529,-75.978,3.0,69,1,1.54,US,1615103305
Wanaka,-44.7,169.15,9.51,60,23,2.93,NZ,1615103306
Jinchang,38.4953,102.1739,9.26,42,100,2.75,CN,1615103306
East London,-33.0153,27.9116,24.0,60,0,5.14,ZA,1615103094
Provideniya,64.3833,-173.3,-14.6,92,100,5.45,RU,1615102947
Guasdualito,7.2424,-70.7324,23.97,87,100,2.03,VE,1615103150
Halifax,44.6453,-63.5724,-2.0,69,32,4.63,CA,1615103307
Erenhot,43.6475,111.9767,2.98,61,83,1.8,CN,1615103137
Kaeo,-35.1,173.7833,17.78,69,0,2.68,NZ,1615103149
Gamba,-2.65,10.0,27.11,75,100,3.03,GA,1615103131
Sombrerete,23.6333,-103.65,7.75,53,0,1.6,MX,1615103308
Kabale,-1.2486,29.9899,19.58,78,99,1.35,UG,1615103308
Yangi Marg`ilon,40.4272,71.7189,11.0,50,75,3.09,UZ,1615103045
Tambovka,50.0969,128.0489,-6.0,58,20,5.0,RU,1615103309
Beringovskiy,63.05,179.3167,-22.17,91,100,4.99,RU,1615103057
Sulangan,11.1373,123.7228,27.8,74,54,7.06,PH,1615103309
Ilo,-17.6394,-71.3375,22.2,82,100,3.44,PE,1615103310
Zyryanovsk,49.7386,84.2719,-3.97,90,7,0.68,KZ,1615103310
Xichang,27.8964,102.2634,20.56,21,8,4.06,CN,1615103310
Thinadhoo,0.5333,72.9333,28.37,73,0,4.79,MV,1615103311
Ust-Kuyga,70.0167,135.6,-24.34,88,100,3.64,RU,1615103109
Rome,43.2128,-75.4557,-10.0,79,1,1.12,US,1615103312
Ibimirim,-8.5406,-37.6903,20.75,92,0,1.05,BR,1615103312
Evensk,61.95,159.2333,-28.51,75,0,3.35,RU,1615103312
Uddevalla,58.3478,11.9424,2.22,55,0,7.72,SE,1615103313
Yanahuanca,-10.5167,-76.4986,4.53,90,100,1.06,PE,1615103313
Carutapera,-1.195,-46.02,24.63,91,100,2.12,BR,1615103313
Mitsamiouli,-11.3847,43.2844,28.33,72,79,4.35,KM,1615103144
Sitka,57.0531,-135.33,6.0,56,90,3.6,US,1615102967
Saint-Joseph,-21.3667,55.6167,30.0,70,100,13.89,RE,1615103314
Pershotravneve,51.3929,28.8684,0.57,88,100,8.68,UA,1615103314
Wana,32.2989,69.5725,19.28,20,0,3.64,PK,1615103315
Yamada,39.4667,141.95,1.69,78,61,3.53,JP,1615103315
Deputatsky,69.3,139.9,-29.16,85,100,5.5,RU,1615103052
Stornoway,58.2093,-6.3865,6.11,93,90,5.14,GB,1615103315
Abū Zabad,12.35,29.25,29.4,12,78,8.74,SD,1615103315
Dunedin,-45.8742,170.5036,10.0,69,36,4.02,NZ,1615102884
Balakhninskiy,58.0106,114.2769,-3.98,93,100,3.05,RU,1615103316
Carnot,4.9409,15.8665,27.57,25,96,1.98,CF,1615103316
Sahagún,8.9462,-75.4427,24.28,89,49,2.51,CO,1615103316
Vagay,57.9375,69.0217,-9.07,95,99,1.87,RU,1615103317
Roebourne,-20.7833,117.1333,32.28,53,0,8.08,AU,1615103317
Turbat,26.0023,63.044,33.67,10,0,2.57,PK,1615103126
Guane,22.2025,-84.0875,21.12,89,0,3.14,CU,1615103317
Hambantota,6.1241,81.1185,33.0,62,40,3.09,LK,1615103165
Kemisē,10.7167,39.8667,24.16,20,36,3.77,ET,1615103318
Sola,-13.8833,167.55,27.14,80,100,4.59,VU,1615103103
Orsha,54.5153,30.4053,1.0,74,90,9.0,BY,1615103318
Birjand,32.8663,59.2211,13.0,26,0,2.06,IR,1615103318
Sterling,39.0062,-77.4286,-2.22,74,1,1.57,US,1615103055
Wajir,1.7471,40.0573,30.0,45,1,2.57,KE,1615103319
Taltal,-25.4,-70.4833,18.82,78,78,0.34,CL,1615102820
Ola,59.5833,151.2833,-19.83,77,92,3.17,RU,1615102966
Angatuba,-23.4897,-48.4128,17.6,97,100,0.98,BR,1615103319
Marshall,34.3834,-86.3333,3.33,52,1,2.21,US,1615103320
Jām Sāhib,26.2958,68.6292,37.99,12,0,2.71,PK,1615103320
Taksimo,56.3444,114.8794,-12.67,89,97,1.3,RU,1615103320
Talnakh,69.4865,88.3972,-18.11,92,100,1.29,RU,1615102968
Richards Bay,-28.783,32.0377,26.38,67,80,3.59,ZA,1615102948
Grindavik,63.8424,-22.4338,4.0,87,75,0.51,IS,1615103098
Bandarbeyla,9.4942,50.8122,26.86,62,7,6.24,SO,1615103048
Mount Isa,-20.7333,139.5,36.0,16,8,2.57,AU,1615103321
Toowoomba,-27.55,151.9667,25.0,53,75,7.2,AU,1615103321
Belaya Gora,68.5333,146.4167,-25.0,88,100,5.02,RU,1615103321
Makakilo City,21.3469,-158.0858,23.0,68,40,3.09,US,1615103143
Lixouri,38.2019,20.4314,12.0,94,20,2.05,GR,1615103322
Kavaratti,10.5669,72.642,28.38,65,0,3.99,IN,1615103107
Wanning,18.8003,110.3967,25.42,82,28,3.84,CN,1615103322
Qandala,11.472,49.8728,27.05,50,0,3.59,SO,1615103322
Khorixas,-20.3667,14.9667,28.92,32,75,1.76,NA,1615103323
Lira,2.235,32.9097,32.57,31,0,2.45,UG,1615103323
Koygorodok,60.445,50.9968,-13.1,93,97,2.02,RU,1615103323
Higashine,38.4389,140.4006,3.0,56,40,5.14,JP,1615103324
Sinjār,36.3209,41.8754,14.46,46,0,1.52,IQ,1615103324
Neepawa,50.2289,-99.4664,3.0,81,75,4.63,CA,1615103324
Kabanjahe,3.1001,98.4908,31.0,66,75,4.12,ID,1615103324
Quepos,9.4236,-84.1652,19.0,63,0,5.66,CR,1615103216
Shihezi,44.3,86.0333,-1.2,98,99,1.34,CN,1615103096
Fairbanks,64.8378,-147.7164,-13.89,85,90,1.54,US,1615102906
Narón,43.5167,-8.1528,8.89,100,20,0.51,ES,1615103325
Klaksvík,62.2266,-6.589,5.0,100,75,4.63,FO,1615103075
Guerrero Negro,27.9769,-114.0611,14.01,85,0,7.41,MX,1615103117
Kattivākkam,13.2167,80.3167,33.0,49,20,2.06,IN,1615103325
Itarema,-2.9248,-39.9167,24.6,88,100,3.84,BR,1615103041
Haines Junction,60.7522,-137.5108,-7.0,58,100,3.09,CA,1615103056
Lakatoro,-16.0999,167.4164,24.53,78,100,2.82,VU,1615103326
Omboué,-1.5746,9.2618,27.67,64,99,1.22,GA,1615103129
Broome,42.2506,-75.833,-7.0,68,90,2.57,US,1615103327
Ranong,9.9658,98.6348,35.0,43,40,4.63,TH,1615103327
Mažeikiai,56.3167,22.3333,1.18,73,95,8.18,LT,1615103327
Hīt,33.6416,42.8251,20.25,25,0,3.98,IQ,1615103299
Jiuquan,39.7432,98.5174,12.39,29,0,1.68,CN,1615103327
Viedma,-40.8135,-62.9967,26.04,38,0,7.62,AR,1615103078
Gushikawa,26.3544,127.8686,21.0,94,90,3.6,JP,1615103071
Harsīn,34.2721,47.5861,11.0,46,0,1.68,IR,1615103328
Norrtälje,59.758,18.705,-0.56,40,0,9.26,SE,1615103328
Fraserburgh,57.6874,-2.0184,5.0,87,100,8.27,GB,1615103328
Jardim,-21.4803,-56.1381,19.51,92,0,0.48,BR,1615103329
Emerald,-23.5333,148.1667,28.89,65,40,6.69,AU,1615103329
Kruisfontein,-34.0033,24.7314,25.0,54,1,3.13,ZA,1615102965
Hillsborough,37.5741,-122.3794,10.0,76,20,5.66,US,1615103329
Requena,39.4883,-1.1004,12.0,94,40,2.57,ES,1615103329
Assiniboia,49.6334,-105.9845,1.0,80,100,6.17,CA,1615103330
Yarmouth,41.7057,-70.2286,-2.78,54,1,3.09,US,1615103330
Kununurra,-15.7667,128.7333,34.0,52,96,3.6,AU,1615103330
Gunjur,13.2019,-16.7339,18.0,94,0,3.75,GM,1615103331
Muros,42.7762,-9.0603,7.22,80,4,2.24,ES,1615103331
Pontianak,-0.0333,109.3333,24.0,100,75,1.54,ID,1615103331
Sāmalkot,17.05,82.1833,33.0,43,0,4.12,IN,1615103331
Yarkovo,57.4028,67.0786,-9.55,93,68,1.85,RU,1615103331
Finnsnes,69.2296,17.9811,-11.0,79,57,1.03,NO,1615103332
Hokitika,-42.7167,170.9667,12.37,73,56,7.66,NZ,1615103332
Pecos,31.4229,-103.4932,6.0,61,1,3.09,US,1615103332
Sittwe,20.15,92.9,27.94,55,78,5.85,MM,1615103110
Diamantino,-14.4086,-56.4461,21.55,94,100,1.45,BR,1615103333
Maroantsetra,-15.4333,49.7333,30.43,60,95,1.15,MG,1615103333
Ha Giang,22.8333,104.9833,25.88,62,9,2.33,VN,1615103333
Yulara,-25.2406,130.9889,27.0,57,90,7.72,AU,1615103093
Mackenzie,55.2999,-123.1698,-4.0,80,1,1.54,CA,1615103160
Santiago del Estero,-27.7951,-64.2615,20.42,50,0,2.19,AR,1615103333
Bariloche,-41.1456,-71.3082,14.0,88,75,3.09,AR,1615103334
Yarim,14.298,44.3779,15.58,32,0,4.62,YE,1615103334
Camalú,30.85,-116.0667,8.89,4,10,4.57,MX,1615103334
Tazovsky,67.4667,78.7,-24.88,89,91,2.4,RU,1615103084
Naze,28.3667,129.4833,19.0,82,99,2.06,JP,1615103335
Garni,40.1221,44.7312,10.0,34,40,0.51,AM,1615103335
Alta Floresta,-9.8756,-56.0861,21.48,97,65,0.71,BR,1615103335
Vermilion,40.1667,-87.7506,0.0,59,1,2.62,US,1615103335
Bereda,43.2686,-7.5406,5.56,98,62,1.34,ES,1615103336
Kashgar,39.4547,75.9797,10.0,32,75,2.0,CN,1615103336
Gazojak,41.1875,61.4036,10.48,42,0,5.0,TM,1615103336
Golden,39.7555,-105.2211,13.0,16,1,4.12,US,1615103336
Puli,23.9664,120.9695,23.89,94,75,8.23,TW,1615103337
Teseney,15.11,36.6575,34.44,22,29,4.36,ER,1615103337
Padang,-0.9492,100.3543,30.0,70,40,2.06,ID,1615103147
Prince Rupert,54.3161,-130.3201,7.0,49,90,3.09,CA,1615103337
Hirtshals,57.5881,9.9592,5.0,70,20,5.14,DK,1615103337
Liwale,-9.7667,37.9333,21.55,97,100,2.15,TZ,1615103338
Dodge City,37.7528,-100.0171,7.78,70,1,7.72,US,1615103230
Okhotsk,59.3833,143.3,-23.05,83,0,4.72,RU,1615103088
Port-Gentil,-0.7193,8.7815,26.0,83,40,1.03,GA,1615103338
Porbandar,21.6422,69.6093,30.0,58,0,6.69,IN,1615103338
Calvinia,-31.4707,19.776,15.0,63,0,1.03,ZA,1615103064
Safi,32.2994,-9.2372,14.93,81,40,1.93,MA,1615103339
Mananjary,-21.2167,48.3333,29.52,62,0,5.25,MG,1615103339
Preeceville,51.95,-102.6677,0.58,94,100,2.84,CA,1615103339
Kawalu,-7.3817,108.2082,28.25,70,75,0.49,ID,1615103340
Avila,40.5833,-5.0,5.56,86,65,1.34,ES,1615103340
Hirara,24.8,125.2833,23.0,94,75,2.57,JP,1615103155
Luga,58.7372,29.8453,-4.34,89,54,6.33,RU,1615103340
Guayaramerín,-10.8368,-65.3614,22.74,98,100,0.55,BO,1615103341
Nyurba,63.2842,118.3319,-9.13,96,100,1.56,RU,1615103341
The Valley,18.217,-63.0578,25.0,78,40,4.63,AI,1615103341
Abhā,18.2164,42.5053,21.0,17,0,3.6,SA,1615103341
Bulgan,48.8125,103.5347,4.39,55,0,3.92,MN,1615103342
San Jose,37.3394,-121.895,8.89,76,20,2.57,US,1615103271
Byron Bay,-28.65,153.6167,24.0,69,40,5.66,AU,1615103163
Pāsighāt,28.0667,95.3333,27.65,29,18,2.43,IN,1615103342
Rapid Valley,44.0625,-103.1463,15.0,28,1,5.14,US,1615103342
Ojinaga,29.5667,-104.4167,12.0,47,1,5.14,MX,1615103341
Crotone,39.0851,17.1178,10.0,76,40,5.14,IT,1615103343
Verkhoyansk,67.5447,133.385,-28.05,83,92,0.83,RU,1615103343
Acapulco de Juárez,16.8634,-99.8901,22.96,70,0,2.11,MX,1615103133
Srīvardhan,18.0333,73.0167,31.46,37,0,6.86,IN,1615103343
Hobyo,5.3505,48.5268,28.43,59,3,8.4,SO,1615103079
São Filipe,14.8961,-24.4956,21.02,78,4,7.06,CV,1615102953
Springbok,-29.6643,17.8865,22.21,22,0,1.29,ZA,1615103344
Praia,14.9215,-23.5087,20.0,77,75,12.86,CV,1615103042
Raja,8.4596,25.678,30.41,13,100,3.61,SS,1615103344
Adrar,20.5022,-10.0711,15.68,40,0,7.99,MR,1615103041
Tolmin,46.183,13.7332,3.33,55,0,0.89,SI,1615103345
Keningau,5.3378,116.1602,31.0,70,20,3.6,MY,1615103345
Vigrestad,58.5667,5.7,1.11,69,0,9.29,NO,1615103346
Maun,-19.9833,23.4167,25.0,65,0,4.12,BW,1615103346
Shitanjing,39.2342,106.3439,9.79,46,4,4.12,CN,1615103346
Ahtopol,42.1,27.95,6.0,61,20,5.66,BG,1615103346
Ashquelon,31.6693,34.5715,17.22,100,0,0.89,IL,1615103347
San Francisco,37.7749,-122.4194,10.0,76,20,5.66,US,1615103181
College,64.8569,-147.8028,-14.0,78,90,2.06,US,1615103040
Hay River,60.8156,-115.7999,-15.0,85,61,1.84,CA,1615103347
Sovetskiy,61.3614,63.5842,-14.92,89,0,2.08,RU,1615103347
Leticia,-4.2153,-69.9406,25.0,100,40,0.15,CO,1615103309
Semey,50.4111,80.2275,2.0,55,0,2.64,KZ,1615103348
Sibolga,1.7427,98.7792,24.24,86,100,1.39,ID,1615103131
Bonanza,14.0289,-84.591,19.92,96,76,0.73,NI,1615103348
Isangel,-19.55,169.2667,25.09,77,86,3.7,VU,1615103073
Dalvik,65.9702,-18.5286,-1.0,86,0,3.09,IS,1615103349
Baymak,52.5933,58.3225,-7.03,96,100,5.17,RU,1615103349
Kushiro,42.975,144.3747,-2.0,59,20,4.63,JP,1615103349
Berbera,10.4396,45.0143,27.03,45,100,3.18,SO,1615103349
Juan de Ayolas,-27.4,-56.9,16.47,68,0,1.87,PY,1615103350
